,NetID,FlowID,runTimeLUDB(ns)
1567,14, 21,58149
4365,33, 12,82164
1823,17, 116,3562941
3246,27, 261,3826936
1891,17, 170,3922046
1806,17, 41,3953974
603,8, 77,4046227
4344,32, 224,4079190
256,3, 62,4105405
17,1, 0,4274007
11,1, 6,4281130
1588,15, 8,4316443
3599,28, 230,4344319
2325,21, 2,4414688
2789,26, 30,4518174
625,9, 19,4563828
4263,32, 120,4595367
2337,23, 3,4612509
4281,32, 202,4635835
3971,30, 38,4646837
220,3, 196,4723258
1412,13, 246,4771347
1767,17, 140,4811091
1281,12, 21,4837210
2340,23, 11,4873369
1675,16, 4,4943549
327,7, 3,5003434
1205,12, 172,5050470
608,9, 2,5137724
2309,20, 7,5167149
290,5, 14,5310388
4093,31, 83,5369431
2860,26, 23,5380809
1973,18, 194,5482902
1857,17, 104,5487710
1256,12, 194,5506856
4004,30, 67,5612266
1730,17, 275,5637882
6,1, 1,5665152
330,8, 3,5773438
2150,18, 70,5916958
4002,30, 90,5943047
605,8, 17,6076734
2093,18, 44,6131617
3071,27, 280,6316465
4031,31, 3,6535849
3948,30, 13,6668860
1026,10, 233,6911571
1337,13, 198,6989156
1926,17, 224,7035422
930,10, 360,7151961
4294,32, 236,7607668
3541,28, 189,7652874
2855,26, 98,7986977
3769,29, 124,8051480
208,3, 21,8216652
3033,27, 162,8378908
2338,23, 2,8469702
1764,17, 243,8636283
1761,17, 16,9306451
113,3, 35,10055747
139,3, 211,10083219
1674,16, 17,10194574
2351,24, 93,10609945
883,10, 113,10849372
1890,17, 84,11092751
352,8, 121,11401238
2225,19, 91,11512037
441,8, 79,12120827
702,10, 379,12369556
2330,23, 10,12587673
3906,30, 34,12993664
1841,17, 242,13550759
1676,16, 24,13845620
2837,26, 51,13925905
2329,23, 6,14029188
1900,17, 115,14596021
3199,27, 260,14898999
780,10, 265,15361127
27,2, 27,15685163
2313,20, 8,15916528
4005,30, 76,16137177
3422,28, 174,17394437
2311,20, 0,18324070
4295,32, 115,19283976
293,5, 15,19653581
3163,27, 323,20020745
4020,31, 7,20422635
294,5, 10,21022998
4354,32, 160,21685460
1555,14, 22,21701850
1078,10, 323,21881120
498,8, 196,22163520
288,5, 9,22227242
1943,17, 246,22699735
3472,28, 173,23016314
1795,17, 259,23297675
16,1, 8,23585743
282,5, 16,24218304
4038,31, 90,25124544
285,5, 12,25287385
2077,18, 114,25570823
4299,32, 142,26642695
2163,18, 117,26966081
1491,13, 13,27893714
1313,13, 251,28192886
1106,11, 4,29111296
1569,14, 12,29670882
1255,12, 105,29840496
2470,24, 122,30327332
4304,32, 55,30974098
267,3, 2,31190614
1660,16, 5,32071684
577,8, 178,32110673
2078,18, 76,32294868
2660,24, 392,32540278
2749,24, 323,32991482
9,1, 5,33684000
269,3, 49,35667805
18,2, 5,36339703
4364,33, 7,37297728
310,6, 2,37316713
2107,18, 52,37852051
1397,13, 23,38229937
1425,13, 93,38961607
2315,20, 4,39339860
1561,14, 25,39869906
23,2, 1,40345417
1575,14, 17,41274320
2321,20, 2,41771550
2805,26, 4,42528012
1579,14, 23,43127402
3386,28, 90,43470755
3,1, 10,43625694
1099,11, 5,44424010
2859,26, 3,44781579
20,2, 7,45495184
1098,11, 7,45874660
4280,32, 227,46488864
206,3, 172,47314977
3493,28, 116,48564859
4143,32, 22,49387506
1165,12, 89,50093380
3433,28, 380,51299924
553,8, 191,51735827
3204,27, 121,52561735
2813,26, 40,53059333
2477,24, 237,53699314
619,9, 6,53945948
3222,27, 239,54425058
28,2, 19,55726881
2572,24, 212,56344076
3349,28, 288,56534524
140,3, 147,56880997
601,8, 221,57141430
2721,24, 271,58203548
1064,10, 158,59135416
326,7, 2,59849222
3952,30, 59,60420760
2334,23, 12,61670153
384,8, 198,62987261
4265,32, 237,63685946
3536,28, 363,64226224
46,2, 17,67244277
2316,20, 9,68721875
178,3, 158,69678782
2319,20, 3,70048794
3897,30, 62,71417527
291,5, 2,71528340
3631,28, 201,71800003
1666,16, 23,72920988
3885,29, 25,73466968
1564,14, 0,74030976
832,10, 385,75308016
252,3, 152,76518180
635,9, 31,77557633
2229,19, 103,81624955
2244,19, 15,84852186
3397,28, 139,85616098
1291,12, 140,86472619
1560,14, 24,87618052
323,6, 3,89803313
1681,16, 9,90770204
317,6, 17,94204006
3754,28, 304,94234937
4372,33, 0,97110772
1586,15, 2,99058504
2581,24, 273,99864169
2318,20, 5,100224039
1404,13, 222,103161782
4432,34, 97,106397909
627,9, 26,109003900
41,2, 16,109655375
3809,29, 101,110654771
313,6, 15,111969319
707,10, 435,112994104
1578,14, 18,115129888
3010,27, 434,116471045
1679,16, 18,117804495
1598,15, 32,119713071
314,6, 4,123116223
3238,27, 192,130080324
1136,12, 98,132395415
36,2, 11,136110551
2161,18, 130,137874505
4019,31, 89,139235722
3594,28, 184,140008071
4076,31, 74,142129585
98,3, 84,145860996
4070,31, 43,148631982
4479,34, 7,151540169
304,6, 5,156360374
4461,34, 54,157838509
191,3, 195,162113701
322,6, 19,163533020
3909,30, 75,169628182
2399,24, 155,178468983
1662,16, 7,181921974
4227,32, 143,187296699
3904,30, 78,189166594
49,2, 24,192551412
4101,31, 42,193400533
4396,34, 84,197267307
250,3, 177,203982938
3673,28, 195,204952367
650,9, 10,205794418
2197,19, 52,208638542
1621,15, 57,214151844
1573,14, 19,214841214
4164,32, 66,220308950
3693,28, 143,221247332
948,10, 36,226016247
2949,27, 35,228808367
305,6, 1,230804879
3389,28, 10,233088637
3820,29, 100,234641144
4472,34, 46,235966801
4357,32, 2,237227709
1305,13, 163,238099933
2777,26, 1,241556915
40,2, 30,243338567
1563,14, 2,245570982
2238,19, 63,247538759
4087,31, 110,248508182
407,8, 4,253616042
1647,15, 55,256048483
3792,29, 23,258216453
654,9, 37,261278878
1803,17, 283,263387633
1663,16, 3,264131860
1170,12, 153,267843085
4266,32, 16,268854409
3918,30, 89,271701858
1207,12, 114,273428130
234,3, 118,275939188
1248,12, 124,277032682
647,9, 21,280336229
1264,12, 60,281603162
4072,31, 97,281806419
3928,30, 36,283667051
1672,16, 12,286220555
2038,18, 167,288408582
1682,16, 6,291529520
4046,31, 37,291870902
1571,14, 11,292272667
4428,34, 60,293717039
637,9, 14,296492634
1182,12, 102,300213664
802,10, 334,303309073
44,2, 26,306377126
2178,19, 50,306754512
1251,12, 50,309454166
1542,13, 61,310086846
4066,31, 112,310392465
2188,19, 109,311867808
2209,19, 130,316370991
39,2, 10,322639851
1940,17, 205,325729644
1557,14, 20,333359494
1584,15, 23,334474315
1116,12, 49,338689819
4012,31, 14,341799702
1413,13, 107,345415095
2300,19, 24,346434798
1616,15, 29,348966651
2243,19, 54,355801023
2223,19, 7,358431622
221,3, 223,359041182
389,8, 123,362392534
2801,26, 29,363704619
4470,34, 31,367131488
4438,34, 79,368294720
2145,18, 64,369986297
1306,13, 19,373016880
4014,31, 29,375253207
1828,17, 82,378041550
393,8, 60,382737913
1483,13, 191,383394551
4026,31, 2,384638449
1523,13, 229,390511315
4073,31, 50,392138465
3922,30, 15,395618490
4382,34, 87,397357047
1603,15, 12,398974304
1590,15, 61,401046087
1670,16, 19,403024674
3957,30, 14,407901420
2308,19, 105,409323072
1785,17, 26,412726746
4452,34, 16,414601864
1638,15, 19,415485646
1631,15, 36,419850099
371,8, 35,421323634
4413,34, 20,423952482
2829,26, 80,428256265
2256,19, 13,432118464
1623,15, 24,433915721
3032,27, 110,436609301
3944,30, 2,438194247
3997,30, 9,440805223
3067,27, 16,445254976
3773,29, 64,445646713
1576,14, 10,445995195
3021,27, 55,448290207
13,1, 9,450417985
1664,16, 8,453665124
1914,17, 181,456365147
2299,19, 21,462157881
1193,12, 139,465442615
4475,34, 13,466986526
1615,15, 4,469369997
478,8, 74,470087615
595,8, 179,473402289
2270,19, 26,474996767
3970,30, 41,477948047
3933,30, 19,480634003
4389,34, 2,482983920
2267,19, 66,492200877
2820,26, 46,493146355
2195,19, 58,498023614
808,10, 315,500863476
1896,17, 245,502083155
967,10, 388,502755718
4058,31, 18,507171493
4456,34, 26,509214792
2503,24, 403,511254996
1627,15, 45,512679734
1947,17, 154,517011765
4318,32, 166,518355947
2530,24, 14,520608482
4471,34, 61,522521246
990,10, 297,525147221
1592,15, 21,527210426
2144,18, 12,527745483
3864,29, 60,535993580
850,10, 156,536555167
1626,15, 42,537292232
4376,33, 9,539581684
1570,14, 9,541708436
2252,19, 97,546537904
3961,30, 18,550470603
851,10, 143,552279971
1431,13, 181,560157352
4224,32, 53,563457416
2201,19, 37,567183220
47,2, 21,569168164
4237,32, 6,574606161
1518,13, 38,576764462
3900,30, 112,578124546
4102,31, 70,579434965
4083,31, 30,585749311
4052,31, 0,587280695
3958,30, 49,589729323
312,6, 14,591518765
1865,17, 86,592170013
4321,32, 131,595435662
2381,24, 250,600127760
4056,31, 51,601786891
2674,24, 202,604261892
2534,24, 18,607161640
1860,17, 61,610694001
4091,31, 85,611507001
884,10, 434,612636755
4104,31, 27,613949326
2834,26, 53,614758695
213,3, 37,619171894
2870,26, 25,621908412
2841,26, 91,627832513
4114,31, 72,634979084
4043,31, 79,641710788
1081,10, 394,645130095
4010,31, 71,650625049
1595,15, 70,653757009
137,3, 216,657614909
4035,31, 17,662212525
2724,24, 257,665111957
225,3, 17,666724385
1403,13, 84,669706254
3943,30, 23,673947527
4033,31, 68,676693596
1589,15, 67,686540917
1819,17, 238,694833763
25,2, 32,698439584
2849,26, 66,703307372
1613,15, 46,718228226
1624,15, 16,720600284
2253,19, 77,722821986
65,3, 72,724227115
621,9, 5,727582500
2102,18, 120,728320180
1218,12, 31,733414828
1379,13, 2,739040166
1400,13, 236,743475691
2230,19, 53,744918871
4333,32, 209,750907122
1271,12, 113,758089239
2204,19, 86,759577577
2866,26, 31,760186578
2821,26, 86,766130716
2783,26, 72,769631722
3915,30, 3,772622914
1159,12, 186,777086220
1091,10, 96,780116794
4037,31, 22,786699532
1157,12, 181,787631062
1322,13, 31,788918695
1421,13, 237,793639722
4053,31, 113,796084836
2361,24, 5,798429381
3856,29, 51,803906089
2826,26, 48,805624027
2289,19, 4,807820709
2786,26, 35,810170455
620,9, 8,814761165
26,2, 9,819411083
4388,34, 38,821356397
1138,12, 33,822454780
3826,29, 4,822590284
1179,12, 158,826609152
4108,31, 60,828595868
2492,24, 286,830135499
4362,32, 242,833754830
3813,29, 7,835614248
3929,30, 84,837293454
4473,34, 50,840913207
1286,12, 144,842523955
1149,12, 177,845432246
1279,12, 146,847903552
713,10, 30,853476377
24,2, 15,853698945
2088,18, 156,854984760
3806,29, 67,857827263
2286,19, 125,866320841
1495,13, 34,872766150
3911,30, 91,879826646
2147,18, 168,882050358
2375,24, 233,891693762
336,8, 135,901068390
3941,30, 32,910100910
1118,12, 168,913329828
2871,26, 89,915031251
1644,15, 49,922694806
1689,17, 233,925177711
1912,17, 213,927824752
4207,32, 104,933305002
3975,30, 1,934812021
1497,13, 210,935772743
1210,12, 180,937683307
2228,19, 60,942732738
1909,17, 284,948126635
100,3, 226,953413422
1594,15, 28,955950998
2549,24, 278,958450712
485,8, 276,959027977
3964,30, 71,961106600
1215,12, 22,965715776
2796,26, 32,971469070
4059,31, 26,973227286
3942,30, 11,978091328
3953,30, 99,979418686
1729,17, 133,984439547
3927,30, 104,988389772
1817,17, 48,990756383
1640,15, 30,994733127
2200,19, 25,999048838
4476,34, 44,1000888023
4367,33, 5,1012625757
1641,15, 0,1013459037
2773,26, 94,1015577368
1245,12, 73,1021937604
3940,30, 8,1022051907
2277,19, 110,1023249990
4154,32, 80,1028368276
3833,29, 57,1037706724
3117,27, 173,1045234864
2587,24, 402,1047218449
4098,31, 23,1054002003
1428,13, 57,1062406201
3974,30, 107,1071130740
958,10, 147,1072139670
857,10, 144,1072927029
1637,15, 72,1076242777
3969,30, 86,1095049019
1297,12, 51,1100946080
2835,26, 97,1102637541
4433,34, 57,1104141180
751,10, 174,1106000087
4302,32, 172,1113613802
1815,17, 13,1118601312
315,6, 12,1119368407
1988,18, 166,1121761363
2819,26, 78,1123168374
4328,32, 189,1127770778
2019,18, 90,1133705761
97,3, 59,1134461595
2899,27, 310,1137393013
2132,18, 13,1141464280
2027,18, 197,1142903069
2207,19, 138,1145211789
4095,31, 9,1146729882
3956,30, 87,1149067412
4003,30, 6,1155527131
1258,12, 63,1158554759
614,9, 36,1170777215
1799,17, 72,1172314647
1604,15, 41,1181678511
434,8, 261,1184303582
231,3, 170,1193264154
2879,27, 5,1197123616
376,8, 260,1202398444
324,6, 0,1207719844
4079,31, 34,1218597703
4210,32, 68,1221908354
4075,31, 57,1223128386
1908,17, 85,1226744128
2258,19, 10,1233746075
3889,29, 34,1238508746
4434,34, 68,1240596366
2833,26, 36,1246559680
2342,24, 344,1253340514
1780,17, 18,1260473208
1521,13, 252,1262479982
168,3, 8,1271670016
2481,24, 394,1273477900
4451,34, 59,1278114256
2541,24, 308,1295218898
3329,28, 444,1297760632
4062,31, 67,1308793536
2437,24, 358,1310110214
121,3, 220,1313108311
3840,29, 32,1320868860
4383,34, 34,1322648192
265,3, 114,1332134384
2251,19, 118,1334204869
4384,34, 37,1341863300
3905,30, 29,1342882832
4327,32, 211,1344757799
4330,32, 88,1349435211
3804,29, 62,1362312674
2540,24, 68,1373545882
4168,32, 176,1377429558
414,8, 21,1381039127
4006,31, 52,1386772398
2697,24, 258,1390260994
3843,29, 84,1394190039
1082,10, 72,1402803459
4178,32, 181,1404208688
1465,13, 217,1411283848
2298,19, 114,1415297402
4028,31, 5,1420608264
2729,24, 175,1424358584
4450,34, 91,1424673084
1247,12, 123,1431001267
4024,31, 111,1437306417
2065,18, 91,1447521574
624,9, 28,1452850181
4008,31, 98,1453506595
1473,13, 50,1461039896
1452,13, 89,1466312632
3990,30, 58,1476100651
2383,24, 164,1483454906
2682,24, 64,1487360352
2478,24, 254,1494041594
4119,31, 54,1499031775
1832,17, 204,1503218163
1629,15, 62,1504359783
2543,24, 267,1507749147
602,8, 120,1508981727
4411,34, 14,1516174641
4415,34, 67,1517023892
1636,15, 48,1521132264
4385,34, 64,1525277845
4060,31, 95,1528982863
4395,34, 8,1532070964
777,10, 348,1533633969
4221,32, 63,1534427439
4453,34, 12,1538667760
3978,30, 5,1540234064
1346,13, 83,1543771095
648,9, 22,1550447068
2203,19, 75,1555546338
4356,32, 156,1560440695
2262,19, 72,1564089724
2288,19, 68,1565649428
1219,12, 190,1567527042
1394,13, 101,1568007186
4029,31, 6,1570567977
2281,19, 100,1578851261
2649,24, 184,1581251003
3763,29, 3,1589837960
4096,31, 73,1591340838
1622,15, 39,1593537770
1007,10, 259,1597981457
2123,18, 102,1598773265
4340,32, 51,1602803018
4163,32, 132,1613962910
2810,26, 77,1614560098
3902,30, 21,1618982391
2187,19, 84,1621060172
1389,13, 183,1622319136
1489,13, 160,1628108583
634,9, 32,1635597693
662,10, 290,1638797569
843,10, 49,1642213865
4440,34, 78,1646371487
4192,32, 158,1649360761
1450,13, 226,1650179391
1217,12, 70,1657106290
2489,24, 86,1663186779
1196,12, 94,1677721332
525,8, 197,1681053113
403,8, 165,1681879718
1072,10, 11,1685588967
2173,19, 124,1687762607
1833,17, 225,1696275643
1129,12, 26,1701144524
1211,12, 9,1706041034
1864,17, 54,1713654591
3979,30, 69,1716142683
965,10, 425,1721232400
1653,15, 34,1723220408
2291,19, 129,1727327456
4427,34, 101,1728634605
4081,31, 46,1733019235
2400,24, 80,1737020824
2862,26, 17,1747733957
4463,34, 74,1757836125
1068,10, 408,1758739418
4386,34, 19,1769046110
1514,13, 95,1774603092
2397,24, 384,1778488551
2588,24, 205,1787147853
2127,18, 124,1797943146
1114,12, 91,1798693287
1786,17, 208,1808031537
2210,19, 136,1812247962
1703,17, 187,1815664083
2274,19, 140,1820315189
2192,19, 55,1826370893
3801,29, 106,1833394532
1107,12, 166,1836968696
2071,18, 185,1838988085
2085,18, 24,1855165188
2709,24, 425,1870377973
1432,13, 221,1876891113
1275,12, 29,1882451425
150,3, 12,1884693783
3917,30, 39,1885104430
2266,19, 122,1886386491
1903,17, 214,1895341726
565,8, 215,1905496777
1968,17, 139,1907726508
2999,27, 428,1908982855
2254,19, 134,1917436169
1198,12, 179,1926346564
2508,24, 359,1928258931
2119,18, 162,1934253666
1192,12, 84,1939204453
1510,13, 125,1940601740
1203,12, 67,1941242897
4378,34, 48,1949604331
354,8, 68,1952447503
879,10, 2,1963515033
4331,32, 138,1968737560
827,10, 99,1972800366
1342,13, 78,1987499798
2272,19, 39,1990659172
2354,24, 65,1993283272
2711,24, 215,1997167538
3450,28, 420,2005361236
1270,12, 137,2009154777
1798,17, 119,2021829600
675,10, 410,2026781106
3869,29, 116,2031123648
3128,27, 63,2034408026
3281,27, 191,2036712337
378,8, 72,2039263367
4317,32, 11,2051220512
1125,12, 121,2053990607
1859,17, 153,2054638129
1143,12, 35,2058105146
246,3, 154,2069464454
1243,12, 3,2080011561
520,8, 70,2085844808
2401,24, 156,2087169366
3104,27, 298,2104584086
2622,24, 11,2109534647
3899,30, 101,2116531832
4444,34, 93,2117637570
1998,18, 121,2121531549
2768,24, 387,2124709508
2098,18, 182,2125254145
1649,15, 37,2135474462
2536,24, 54,2151945840
3814,29, 96,2158470642
2476,24, 349,2167992798
2218,19, 47,2172853989
612,9, 27,2176569227
1517,13, 76,2179943324
4342,32, 109,2183179545
2592,24, 266,2185535735
3098,27, 241,2188926454
2510,24, 277,2194767866
1655,15, 38,2195960770
1206,12, 74,2201958918
88,3, 56,2204588968
1619,15, 73,2213764540
255,3, 74,2217797512
1844,17, 197,2225731489
222,3, 51,2228297695
3789,29, 80,2229918479
3936,30, 63,2232435187
4069,31, 31,2237613370
2391,24, 185,2247923746
2443,24, 95,2250462886
586,8, 42,2256640248
128,3, 89,2263606968
2874,27, 340,2270110713
1582,15, 47,2279999991
2382,24, 12,2289035504
2287,19, 14,2290024300
3876,29, 20,2292636354
2385,24, 129,2301177091
2614,24, 427,2307767626
1650,15, 20,2310488306
3835,29, 128,2312690644
4474,34, 95,2331741703
2174,19, 135,2338480431
1153,12, 36,2344362561
1906,17, 250,2347384046
271,3, 187,2365489973
1384,13, 85,2371901220
2214,19, 132,2380115111
1074,10, 219,2398134899
2294,19, 19,2403304370
1818,17, 138,2408552379
1894,17, 25,2408842984
2394,24, 94,2413883990
2112,18, 186,2421713581
3786,29, 5,2428293829
2665,24, 426,2435846552
849,10, 65,2449311657
2106,18, 190,2454220657
3914,30, 52,2462110725
1758,17, 256,2480191817
4446,34, 75,2486503773
1235,12, 191,2500042779
2280,19, 73,2516220103
771,10, 280,2520243334
521,8, 118,2522391854
819,10, 120,2526200725
1140,12, 107,2533605219
4246,32, 101,2537846124
1934,17, 173,2541549635
1625,15, 5,2553805341
445,8, 155,2561834580
1861,17, 10,2564309285
4233,32, 234,2572106908
1115,12, 106,2575157939
822,10, 258,2576907448
3767,29, 89,2579112220
1214,12, 175,2592825470
1213,12, 44,2600404130
4039,31, 69,2604890503
1630,15, 69,2613914278
3768,29, 102,2615221335
4457,34, 89,2628208073
1331,13, 110,2637785531
1848,17, 172,2643234886
95,3, 10,2648046271
4048,31, 99,2650082860
2735,24, 228,2651173533
1840,17, 212,2662470041
2658,24, 354,2676681661
1856,17, 117,2679592567
1121,12, 88,2692031159
4363,32, 90,2697518787
4128,32, 39,2706143046
4439,34, 62,2709588578
2628,24, 127,2713593570
439,8, 104,2715317969
2398,24, 259,2723037311
611,9, 38,2731884059
4226,32, 231,2748768627
3874,29, 59,2754112181
3982,30, 103,2759437034
3824,29, 115,2768346113
3764,29, 126,2775132496
1147,12, 118,2784297034
3898,30, 111,2788255323
825,10, 431,2789597765
2429,24, 293,2796041921
4171,32, 129,2801696561
3947,30, 25,2805383119
1801,17, 164,2810104631
2054,18, 100,2822317451
2219,19, 85,2832525947
367,8, 206,2841864813
2854,26, 61,2853282419
4423,34, 9,2875704314
2473,24, 225,2883560064
318,6, 23,2887646353
4289,32, 14,2891125676
1009,10, 39,2907792578
153,3, 13,2918109979
54,3, 25,2936362786
466,8, 268,2949871990
584,8, 199,2957376754
51,3, 199,2974549246
1187,12, 58,2977668856
2020,18, 5,2982104057
1867,17, 134,2994138697
2973,27, 46,3006726150
2485,24, 421,3011607259
1348,13, 132,3014192632
546,8, 46,3029128042
2828,26, 8,3032907414
3784,29, 105,3045182789
1221,12, 54,3047980410
1053,10, 20,3059570839
4220,32, 207,3063946723
2350,24, 92,3071718949
2575,24, 149,3072745681
4049,31, 109,3074241897
430,8, 136,3083838460
2632,24, 62,3085046497
1805,17, 23,3099434009
1204,12, 38,3109143886
4410,34, 0,3113896115
1781,17, 77,3127708757
1181,12, 48,3134739448
4100,31, 16,3138491654
1507,13, 112,3145716141
956,10, 57,3147276942
2542,24, 33,3155304906
1976,18, 55,3172237211
937,10, 305,3183446467
2861,26, 9,3189678957
154,3, 225,3194807225
2710,24, 198,3196218755
2629,24, 188,3208768619
1032,10, 242,3221854598
2104,18, 111,3225170795
1230,12, 6,3232205239
3756,28, 113,3251534446
995,10, 160,3265594255
4349,32, 215,3275974100
4402,34, 4,3282098624
72,3, 126,3289670425
864,10, 416,3292651357
4264,32, 86,3301682567
3797,29, 92,3302862419
1549,13, 24,3319329273
3878,29, 121,3327656724
998,10, 307,3334560038
92,3, 207,3345475603
3779,29, 14,3350885479
4077,31, 1,3352723795
1807,17, 102,3358168546
2790,26, 67,3366451117
3426,28, 292,3374729913
2643,24, 374,3384284268
717,10, 222,3386425292
436,8, 148,3403647417
329,8, 27,3413568540
1509,13, 22,3424497239
3986,30, 68,3426611026
1957,17, 160,3429688612
1296,12, 4,3435102011
2033,18, 184,3447597276
3854,29, 33,3454067116
2052,18, 86,3467707452
2345,24, 348,3484280193
915,10, 123,3496753984
4337,32, 127,3505768659
803,10, 195,3509438905
1692,17, 68,3515455079
811,10, 68,3519256737
3832,29, 107,3522694368
1398,13, 151,3525733601
2812,26, 88,3533389804
3901,30, 81,3549843331
1449,13, 90,3566715903
906,10, 19,3578174919
2640,24, 200,3592112020
3542,28, 220,3593389893
4477,34, 90,3595800147
1892,17, 282,3605824334
2421,24, 131,3607784358
1117,12, 40,3613802015
607,8, 61,3619568045
1042,10, 193,3635891919
1893,17, 89,3639873881
1183,12, 19,3641677484
1201,12, 62,3647262743
4454,34, 3,3654118597
4214,32, 102,3658477090
2349,24, 408,3664469929
606,8, 141,3669804248
1044,10, 224,3674626598
2410,24, 89,3683125666
4329,32, 214,3693826938
3614,28, 21,3713446477
202,3, 221,3716952454
2533,24, 223,3718882635
1927,17, 19,3724044800
527,8, 13,3732590765
4202,32, 182,3745540866
4262,32, 175,3752456669
538,8, 269,3755991350
1845,17, 12,3762993661
2832,26, 84,3770495782
3705,28, 128,3774885201
1471,13, 42,3782111412
77,3, 11,3788852897
3341,28, 84,3811615173
1700,17, 229,3814714823
3808,29, 45,3832068039
768,10, 413,3838135631
1585,15, 18,3840550744
4441,34, 82,3850493460
2661,24, 341,3861156352
2413,24, 84,3873803931
209,3, 60,3877922563
111,3, 144,3886890035
1037,10, 289,3894784959
2341,24, 285,3906397264
1715,17, 8,3912959130
4173,32, 239,3919617779
1197,12, 138,3927263013
4243,32, 69,3952912345
3771,29, 74,3953848143
1358,13, 240,3961509439
1683,17, 166,3972627917
4282,32, 205,3985420555
1596,15, 44,3995888958
2155,18, 105,4014868715
881,10, 18,4024920676
386,8, 7,4027100091
2347,24, 291,4034319726
2115,18, 125,4042796036
3580,28, 126,4048240664
2206,19, 67,4066499019
2616,24, 145,4101188886
429,8, 53,4114014052
2487,24, 366,4165159594
369,8, 57,4182451336
673,10, 21,4182779697
511,8, 151,4207764988
55,3, 46,4229972380
1250,12, 182,4244298595
2559,24, 115,4252503391
277,3, 128,4290400288
2556,24, 6,4305281868
667,10, 60,4309553082
504,8, 73,4333265426
1838,17, 43,4337693491
2927,27, 37,4345018247
345,8, 162,4359260676
2765,24, 67,4386151609
481,8, 220,4389890938
1344,13, 118,4400392734
240,3, 156,4408400534
633,9, 0,4410212595
897,10, 177,4424906112
1163,12, 14,4435412911
2049,18, 53,4438624426
1750,17, 265,4443395301
1711,17, 76,4448049745
2138,18, 177,4454008048
3150,27, 301,4459942712
425,8, 89,4469911482
1597,15, 25,4471314149
4211,32, 161,4476351423
571,8, 273,4483691416
94,3, 148,4503240001
2515,24, 272,4508411672
2502,24, 38,4511582304
3913,30, 109,4523111327
1160,12, 43,4551690763
987,10, 182,4557851300
1923,17, 171,4575860388
2249,19, 18,4582050805
2034,18, 30,4591239155
3996,30, 110,4630913850
4404,34, 36,4645256087
1027,10, 199,4656736449
1996,18, 116,4671818519
2396,24, 174,4681916290
1862,17, 266,4687148483
1110,12, 100,4689308959
618,9, 41,4694605582
3872,29, 38,4709066067
3075,27, 2,4729601644
733,10, 317,4735447277
1826,17, 216,4747123030
4205,32, 5,4785187695
3892,30, 27,4790440578
61,3, 91,4797262475
921,10, 357,4814254532
2234,19, 133,4821586915
1127,12, 109,4822354951
2960,27, 258,4823184894
2785,26, 19,4826837524
1446,13, 121,4833871792
4157,32, 74,4841767198
2047,18, 66,4848137551
2083,18, 4,4869468666
531,8, 262,4888150038
1717,17, 80,4897261469
3838,29, 55,4900356464
2430,24, 58,4906893028
4125,32, 223,4922258726
3846,29, 65,4933234303
2113,18, 81,4962228057
529,8, 256,4967980056
3774,29, 52,4975759942
2827,26, 15,4980826675
2121,18, 139,5001748011
1971,18, 148,5006142764
4135,32, 113,5020909406
1387,13, 128,5023501150
1242,12, 13,5026736079
2645,24, 381,5029333636
2009,18, 159,5034481926
760,10, 157,5038470934
1721,17, 150,5043488527
1837,17, 63,5045576091
2631,24, 45,5055121752
1123,12, 53,5060693439
4324,32, 122,5062267358
2157,18, 192,5067111219
2412,24, 159,5090747921
812,10, 102,5100662221
4139,32, 40,5115231635
1687,17, 221,5120422471
3950,30, 48,5128229208
245,3, 44,5136936943
4170,32, 130,5156018766
1868,17, 228,5158791071
2007,18, 163,5185680392
4435,34, 42,5191208264
1023,10, 420,5193595399
1788,17, 193,5196654732
223,3, 210,5210795495
2672,24, 142,5240206863
2402,24, 407,5248883855
377,8, 146,5260234682
2035,18, 2,5282628950
513,8, 144,5298525182
1744,17, 202,5324683514
2843,26, 7,5346329915
852,10, 232,5363755086
972,10, 108,5367830689
4050,31, 45,5369422853
2358,24, 17,5379634666
4218,32, 228,5391250362
2700,24, 279,5394188658
983,10, 268,5400622836
383,8, 182,5403829532
500,8, 263,5411510616
2449,24, 281,5416662642
3998,30, 80,5428596806
3560,28, 2,5442597016
4345,32, 42,5447093760
535,8, 131,5459757184
2450,24, 325,5464795266
1827,17, 232,5482541631
2415,24, 390,5485473509
3034,27, 99,5502449793
810,10, 318,5505900121
4315,32, 190,5509848804
1932,17, 124,5521126723
904,10, 192,5525318564
2704,24, 210,5543772266
2795,26, 100,5551832465
459,8, 143,5566498798
1323,13, 245,5577439041
3837,29, 54,5586216758
2467,24, 240,5596029525
1969,18, 165,5606921085
582,8, 243,5616747526
2388,24, 339,5631252482
4468,34, 88,5638000366
3038,27, 248,5663208753
257,3, 194,5670329191
1175,12, 34,5683679748
1190,12, 160,5696854911
2574,24, 189,5723635256
180,3, 19,5739537211
1794,17, 83,5748515463
844,10, 291,5753416154
2260,19, 98,5762340630
4273,32, 50,5766114125
1620,15, 10,5775622955
4312,32, 135,5796980366
2625,24, 43,5797944953
2086,18, 41,5835830581
64,3, 43,5837951845
3794,29, 1,5850565040
4124,32, 212,5862288323
2143,18, 127,5875440651
973,10, 54,5883658446
184,3, 108,5885239139
1381,13, 111,5886873936
3976,30, 12,5900502379
1164,12, 95,5924898928
4190,32, 94,5934149209
3132,27, 92,5940588392
3247,27, 95,5947179561
3470,28, 256,5955502451
2092,18, 3,5963856682
829,10, 271,5974405010
2814,26, 57,5979988648
4216,32, 174,5998297143
60,3, 66,6000687683
4261,32, 35,6006783606
235,3, 206,6012494173
4238,32, 140,6038081736
509,8, 266,6045056698
2558,24, 3,6056584388
691,10, 17,6070250611
3863,29, 120,6073506136
860,10, 152,6129115394
876,10, 106,6134654649
119,3, 101,6158577342
1532,13, 234,6161829014
3029,27, 184,6172232339
2153,18, 153,6188682625
2519,24, 320,6194944025
4311,32, 30,6208500125
1591,15, 56,6220899803
528,8, 236,6249166099
1133,12, 131,6260771217
2216,19, 116,6275272949
2480,24, 0,6292593875
1710,17, 32,6301064654
4272,32, 10,6316671591
108,3, 55,6319659324
359,8, 1,6344110181
4078,31, 82,6363785004
2056,18, 25,6370162032
86,3, 93,6374077987
4189,32, 241,6383751861
2815,26, 28,6388173092
1137,12, 17,6398325117
4297,32, 103,6401611087
813,10, 7,6406073388
1057,10, 412,6418448314
1180,12, 77,6432527624
1763,17, 109,6445059418
978,10, 142,6465116310
2847,26, 2,6473875526
2893,27, 268,6479146551
2158,18, 113,6489951188
1077,10, 81,6512898001
254,3, 189,6538032770
4274,32, 82,6552759897
1821,17, 132,6558532414
1017,10, 419,6625699668
2624,24, 37,6635945112
575,8, 271,6653860832
1757,17, 142,6678305880
4278,32, 137,6721202014
1244,12, 174,6734981273
2851,26, 0,6740223029
228,3, 116,6756620176
1008,10, 190,6767902108
3812,29, 70,6813268067
1706,17, 255,6822998225
4112,31, 94,6832069723
2124,18, 169,6855208415
3619,28, 320,6863468670
1488,13, 29,6878465686
4449,34, 66,6885556720
1020,10, 33,6916250633
4310,32, 96,6923799519
2386,24, 176,6939629849
1238,12, 184,6948355615
868,10, 375,6958079601
1216,12, 188,6976521859
2196,19, 117,6992504228
1883,17, 157,7002530199
2081,18, 150,7013472586
1816,17, 261,7022602204
3210,27, 328,7053845626
1531,13, 189,7060409674
3129,27, 242,7066443095
796,10, 350,7136033630
2525,24, 405,7153537601
2532,24, 2,7156214050
4307,32, 59,7172939529
1109,12, 161,7184721563
3799,29, 95,7207173632
4347,32, 83,7219732597
911,10, 300,7226424209
1232,12, 42,7233504727
1850,17, 129,7235586572
1485,13, 104,7246741354
2032,18, 118,7267961337
3879,29, 53,7272046792
786,10, 9,7292885647
2151,18, 144,7296725487
4283,32, 23,7343396504
855,10, 61,7371270946
1135,12, 18,7398679927
2522,24, 224,7415320464
395,8, 255,7429699558
821,10, 85,7443204686
4167,32, 107,7469947297
682,10, 167,7479146995
1360,13, 70,7485111052
2017,18, 183,7528969690
2404,24, 19,7533115241
3456,28, 351,7614280559
1308,13, 37,7659936219
493,8, 240,7674031121
2472,24, 419,7684065913
1842,17, 4,7697087826
2118,18, 7,7703647858
585,8, 122,7719572630
2371,24, 370,7732066864
3585,28, 269,7758795963
2367,24, 367,7774490140
2305,19, 27,7784231737
2008,18, 138,7788782307
2606,24, 255,7834045793
4177,32, 136,7868198454
2531,24, 61,7889900267
789,10, 183,7912880359
1229,12, 80,7925659558
3556,28, 307,7943570647
1929,17, 22,7963193272
488,8, 244,7979891558
2686,24, 361,7984218320
1742,17, 209,7991000817
3828,29, 99,8003231316
3452,28, 254,8016714391
957,10, 366,8032518673
1226,12, 5,8043832797
2615,24, 1,8091534048
380,8, 38,8109561496
1351,13, 141,8137635981
1191,12, 72,8144096087
2408,24, 53,8171413385
1994,18, 38,8214025399
2493,24, 172,8243073461
1388,13, 207,8291387515
4147,32, 121,8299627887
4158,32, 148,8329105906
1524,13, 130,8368115847
4169,32, 165,8383018622
1539,13, 91,8402979596
79,3, 112,8445349165
2395,24, 217,8460591289
247,3, 73,8466536399
1429,13, 149,8502714668
2496,24, 304,8512623340
2423,24, 241,8523644938
1820,17, 112,8525188763
1119,12, 92,8565638525
2273,19, 8,8576543234
1534,13, 75,8587518815
4358,32, 163,8597457221
2152,18, 43,8644564823
1697,17, 220,8657160249
2607,24, 103,8660170991
3694,28, 141,8686028727
91,3, 16,8690591510
2548,24, 336,8703660021
1727,17, 174,8731714979
3331,28, 132,8738359216
1352,13, 135,8751381615
3657,28, 434,8791441317
1307,13, 79,8821180557
3491,28, 40,8841177474
1240,12, 23,8866694824
2302,19, 101,8881198499
3890,29, 97,8914441225
2552,24, 97,8951092636
2675,24, 56,8969291561
4162,32, 95,8996809089
1871,17, 240,9053994705
2135,18, 29,9061132639
2185,19, 89,9071303402
4259,32, 27,9097402639
176,3, 141,9129706984
2740,24, 236,9148535771
3844,29, 66,9157541399
1061,10, 196,9170728543
2946,27, 290,9194677446
4209,32, 58,9221753245
4141,32, 3,9253793467
693,10, 249,9257920054
3706,28, 338,9265358803
3364,28, 218,9276060639
2005,18, 57,9301021339
940,10, 84,9304365240
4197,32, 170,9326076065
767,10, 226,9339149807
3300,27, 397,9358364556
2546,24, 326,9380890463
1787,17, 31,9396412509
519,8, 185,9423236310
3346,28, 200,9452308626
1442,13, 8,9514202729
923,10, 423,9519068512
4248,32, 89,9524193138
1139,12, 20,9545503482
3529,28, 77,9553486513
981,10, 330,9575476858
1712,17, 231,9629129197
3778,29, 49,9636742791
2707,24, 133,9655573538
2742,24, 75,9676235843
1436,13, 139,9687295258
2392,24, 312,9702472499
4222,32, 124,9724100615
2671,24, 192,9743056709
3479,28, 442,9767323544
545,8, 48,9819383231
1800,17, 226,9832098473
4152,32, 7,9878822720
4165,32, 19,9893308029
1726,17, 57,9902014108
2460,24, 343,9910351559
4120,32, 85,9917831008
404,8, 274,9939964294
3449,28, 104,10003235946
4275,32, 213,10015845366
2557,24, 98,10102967656
2612,24, 173,10142950677
451,8, 119,10154994434
2363,24, 207,10162178033
1733,17, 9,10189121874
558,8, 50,10222598963
4247,32, 201,10248582002
2633,24, 109,10306092297
2634,24, 396,10331648550
426,8, 211,10363720651
2129,18, 152,10459698116
2439,24, 114,10481702033
3859,29, 8,10500811127
453,8, 275,10516494144
1018,10, 269,10546012920
1720,17, 81,10567878639
4186,32, 183,10625652182
3908,30, 46,10704837051
2447,24, 232,10726875072
2175,19, 28,10728533294
1538,13, 119,10743758753
982,10, 5,10767805286
3485,28, 277,10771818072
2466,24, 364,10787069414
1309,13, 206,10797854001
1920,17, 188,10829373124
2590,24, 260,10847373382
2471,24, 209,10871907764
1897,17, 162,10886685605
1166,12, 170,10924293478
1186,12, 83,11000414323
1051,10, 292,11045738603
1002,10, 213,11058598205
1030,10, 345,11149242936
699,10, 343,11198390601
3531,28, 98,11217253943
2654,24, 152,11234504681
4134,32, 144,11246974890
510,8, 28,11279679964
874,10, 230,11309122634
4417,34, 43,11329445167
581,8, 105,11356702652
413,8, 203,11362288262
766,10, 442,11408855302
1427,13, 77,11434562417
363,8, 88,11454100649
672,10, 438,11514800136
4123,32, 34,11521418837
814,10, 391,11537897539
537,8, 150,11543975052
3339,28, 175,11550626072
3195,27, 322,11578449046
1789,17, 156,11587031701
2454,24, 378,11649878854
1457,13, 6,11664864263
1458,13, 44,11704816649
1132,12, 46,11727572214
3411,28, 305,11755946424
442,8, 85,11766488048
1704,17, 219,11771044394
1484,13, 115,11798206169
2419,24, 275,11829014862
476,8, 106,11850212498
1949,17, 194,11895651374
1797,17, 87,11924629340
823,10, 208,11940883920
3408,28, 350,11951651024
1804,17, 248,11970628427
3465,28, 303,11984781336
2728,24, 249,12004650619
4361,32, 168,12013235330
2597,24, 107,12016217026
714,10, 432,12070286393
1097,10, 131,12110091416
3776,29, 41,12129647428
3647,28, 253,12138310382
512,8, 195,12181102687
2583,24, 30,12231670669
2103,18, 171,12253581484
71,3, 222,12265806475
1985,18, 103,12281410849
2403,24, 357,12291379641
1422,13, 14,12300019164
564,8, 96,12327936783
3237,27, 124,12340149170
1327,13, 192,12370678195
1005,10, 109,12378472245
3985,30, 30,12392058756
2539,24, 346,12445427802
164,3, 122,12470101653
2743,24, 8,12555287515
2694,24, 158,12625053886
2673,24, 246,12636724325
3860,29, 42,12655978305
2156,18, 146,12769102398
3027,27, 237,12793401674
3164,27, 337,12836451994
898,10, 353,12864639073
2601,24, 141,12947129429
2491,24, 128,12977392350
3095,27, 223,13001154762
2486,24, 317,13041509433
964,10, 217,13045917564
188,3, 4,13055932096
842,10, 371,13108676517
107,3, 75,13183143329
99,3, 54,13237428213
4290,32, 164,13280251111
475,8, 44,13304885861
1362,13, 150,13326904878
4455,34, 71,13366201130
3054,27, 198,13372688175
4136,32, 76,13429185207
1194,12, 134,13465756309
3184,27, 101,13500493784
3030,27, 419,13526881216
1702,17, 281,13546168142
338,8, 241,13597209355
3853,29, 13,13603898587
828,10, 302,13637764379
469,8, 45,13664775941
2193,19, 93,13673702097
155,3, 15,13719029102
3301,27, 31,13775674762
3742,28, 273,13790798253
1878,17, 260,13853219002
2738,24, 147,13867089465
162,3, 79,13916675811
422,8, 129,14021564382
3419,28, 226,14118345274
4250,32, 87,14129416900
1341,13, 131,14166363911
976,10, 214,14208850096
917,10, 172,14221881449
723,10, 69,14241955683
1195,12, 96,14256887131
4184,32, 226,14261958764
129,3, 228,14298194852
952,10, 225,14330398792
130,3, 137,14385333952
2924,27, 291,14389683983
3677,28, 216,14413502558
3437,28, 298,14516207127
776,10, 204,14555542420
1374,13, 138,14634593238
1958,17, 39,14655550000
2058,18, 134,14698621270
599,8, 180,14714432000
1945,17, 30,14722338456
1056,10, 392,14729925794
1200,12, 111,14735142344
1999,18, 33,14779318073
2003,18, 94,14795685714
3328,28, 15,14848297226
3086,27, 220,14872209335
1993,18, 18,14909433863
3857,29, 36,14965776745
1272,12, 152,15032357300
270,3, 39,15065794853
719,10, 112,15112343343
1039,10, 127,15121625794
799,10, 270,15221855676
590,8, 167,15308732780
355,8, 87,15336099703
986,10, 153,15347421285
833,10, 376,15403955271
1455,13, 224,15460394114
2352,24, 125,15481485268
980,10, 241,15511637975
1083,10, 97,15542252843
2670,24, 385,15552309940
2048,18, 54,15625401529
2651,24, 126,15660410600
4343,32, 17,15679624727
4300,32, 159,15686411668
663,10, 344,15705348334
1202,12, 93,15722092685
3504,28, 394,15760794595
3070,27, 393,15788368130
943,10, 211,15791155509
1882,17, 120,15824804136
2220,19, 6,15831764280
759,10, 126,15851258015
2554,24, 46,15864911362
2957,27, 141,15886510734
4467,34, 47,15929178458
1528,13, 148,15934912688
110,3, 213,15947559993
2424,24, 197,15964907013
1756,17, 179,15971968925
134,3, 115,15978784032
2610,24, 112,16099613865
1407,13, 143,16114317653
724,10, 91,16141213376
2010,18, 180,16197162209
87,3, 215,16231071873
3744,28, 391,16286884201
3790,29, 61,16353767302
3507,28, 3,16365233091
2584,24, 214,16389986109
4256,32, 218,16458928465
3424,28, 114,16465795134
4464,34, 25,16475679675
2936,27, 383,16489038996
3200,27, 350,16537980546
3124,27, 59,16545722297
3227,27, 123,16642158165
1951,17, 90,16734727404
2544,24, 328,16756009941
2445,24, 314,16770996316
1879,17, 207,16806091352
3697,28, 142,16832288591
2701,24, 287,16838535156
2368,24, 299,16880877708
2523,24, 35,16956999985
1369,13, 230,17019510394
1696,17, 271,17039403794
3841,29, 73,17082085401
4323,32, 0,17112137568
3514,28, 123,17116856676
2442,24, 146,17150748854
435,8, 218,17220703531
1441,13, 94,17267303074
664,10, 181,17285262452
830,10, 79,17317893864
3344,28, 122,17367371319
2983,27, 403,17472943821
912,10, 251,17500062540
3711,28, 439,17562599315
1895,17, 50,17624468629
120,3, 70,17646687439
3327,28, 224,17703773205
1178,12, 16,17731083559
1974,18, 129,17801983798
2130,18, 123,17853317400
2560,24, 74,17886659459
2759,24, 151,17986778019
1970,18, 179,18057980815
2066,18, 21,18141744822
2165,18, 143,18161009247
2451,24, 333,18204416999
1437,13, 114,18275300503
3162,27, 185,18382872764
2116,18, 104,18410443481
460,8, 124,18446599155
356,8, 226,18488172319
2635,24, 235,18537820958
3802,29, 10,18564715611
561,8, 153,18639310244
3552,28, 158,18661107268
2722,24, 150,18680030312
4270,32, 134,18790440198
1318,13, 175,18848980261
3269,27, 84,18870899125
1941,17, 191,18988033557
4244,32, 111,19040521292
4188,32, 208,19046181339
3882,29, 39,19092642298
4160,32, 153,19158733178
2282,19, 106,19216293998
3503,28, 63,19317542684
4138,32, 217,19339649967
1390,13, 205,19409370738
1778,17, 65,19431241793
124,3, 6,19482021024
4161,32, 235,19619738315
3604,28, 406,19694870549
2719,24, 216,19762164638
2099,18, 115,19851242100
2117,18, 106,19907759992
3610,28, 441,19928660109
144,3, 168,19951155994
397,8, 238,20044929414
372,8, 134,20097490793
467,8, 254,20125269636
52,3, 82,20211350078
1150,12, 78,20225962372
261,3, 9,20269773273
4351,32, 32,20312312035
1872,17, 78,20339810350
1326,13, 241,20381842531
665,10, 276,20419672900
653,9, 12,20477748489
344,8, 245,20635979989
3400,28, 31,20800970312
3753,28, 149,20827302420
2596,24, 306,20884465471
172,3, 90,20966315704
2573,24, 352,21101397702
4185,32, 177,21170236834
514,8, 213,21179881979
1386,13, 126,21228887729
1875,17, 280,21292211633
1415,13, 209,21379939772
56,3, 184,21384483657
2516,24, 78,21486162368
136,3, 119,21551720045
684,10, 24,21581154821
2167,18, 35,21652102857
1540,13, 180,21670151103
955,10, 367,21738751699
2365,24, 404,21843688804
2620,24, 4,21872695190
351,8, 76,21898875466
1434,13, 214,21912895717
2456,24, 186,21947428414
2057,18, 48,22028318899
1506,13, 164,22076861430
2550,24, 148,22215652194
3646,28, 20,22288625003
3877,29, 129,22337232256
1015,10, 405,22351427024
2012,18, 137,22396926667
566,8, 117,22432244500
2100,18, 50,22478551567
1716,17, 53,22528858101
775,10, 198,22625675206
2545,24, 393,22654395028
3867,29, 46,22696345706
831,10, 293,22726996898
908,10, 187,22888426065
2652,24, 73,22931461557
4301,32, 1,22981673917
3836,29, 27,23058202844
4285,32, 197,23178976877
146,3, 117,23277093488
73,3, 106,23333609052
461,8, 22,23440574366
149,3, 130,23617039750
2733,24, 298,23637934119
666,10, 374,23740292224
1293,12, 104,23807284563
2739,24, 108,23896835134
4287,32, 219,23931298682
167,3, 29,23964406574
795,10, 257,24023817786
971,10, 154,24062355481
2428,24, 269,24085465602
824,10, 389,24201382685
1535,13, 144,24230861850
3734,28, 395,24332452944
1045,10, 66,24426778506
583,8, 80,24618959924
2990,27, 346,24650999887
1043,10, 48,24906723710
910,10, 129,24995814137
2948,27, 12,25082858613
2488,24, 190,25134672563
1754,17, 118,25312118342
737,10, 197,25375674873
411,8, 29,25448271476
3250,27, 359,25452679470
474,8, 78,25646744063
572,8, 66,25787373056
2551,24, 244,25884767474
2906,27, 24,26020636854
773,10, 427,26112302115
3340,28, 266,26214797216
3318,28, 345,26243834112
3633,28, 409,26351051367
552,8, 161,26396618499
3746,28, 136,26443851526
735,10, 262,26527545664
3540,28, 221,26715261039
417,8, 108,26797789927
3533,28, 238,26956583478
1301,12, 157,26970786491
549,8, 137,27106407318
2292,19, 88,27191444072
2205,19, 1,27212255486
3640,28, 316,27384828127
3605,28, 346,27474129231
2939,27, 303,27577265848
1987,18, 98,27871774881
631,9, 43,27989862375
1898,17, 66,28070627482
1496,13, 216,28091751982
3015,27, 405,28102845281
379,8, 54,28175723004
2290,19, 90,28442778293
3548,28, 349,28555866533
668,10, 162,28558484946
3827,29, 43,28605702269
1830,17, 252,28710198445
2026,18, 22,28868123587
57,3, 99,28951569567
2016,18, 142,28988716971
1304,13, 231,29022786680
2568,24, 331,29251574744
185,3, 14,29347200460
2521,24, 313,29601734419
600,8, 257,29703725995
2564,24, 311,29932513113
4217,32, 36,30033893364
82,3, 81,30062019498
3311,27, 27,30256461607
1335,13, 48,30467661184
2018,18, 151,30524596848
2166,18, 23,30643417296
3671,28, 87,30780291072
2909,27, 348,30996762030
1088,10, 151,31089691456
3505,28, 319,31174465713
3494,28, 1,31346625026
4271,32, 187,31486394241
2708,24, 371,31507776259
909,10, 422,31834706464
2432,24, 20,31973905022
3798,29, 125,32310143210
2528,24, 265,32382161601
3626,28, 181,32384834745
3597,28, 138,32471886620
505,8, 149,32486021174
3749,28, 125,32590724061
1096,10, 71,32668934188
3724,28, 414,32964242142
3441,28, 18,33142650518
3427,28, 206,33216456705
2051,18, 160,33283735184
793,10, 56,33451448273
804,10, 194,33480473833
3545,28, 370,33642701440
483,8, 264,33670229679
800,10, 243,33793036369
818,10, 240,33917524975
2741,24, 410,33956840543
820,10, 372,34004339658
801,10, 402,34023198122
951,10, 136,34087643000
2378,24, 182,34155317011
4137,32, 125,34416193846
3401,28, 419,34664221007
694,10, 310,34866576466
3741,28, 182,34877263211
1460,13, 64,34943750107
3412,28, 425,35024083798
3672,28, 49,35080540438
734,10, 393,35180238783
2680,24, 153,35249816837
3725,28, 392,35384560674
3109,27, 194,35546958676
1084,10, 245,35862498785
3041,27, 214,35890787713
3254,27, 133,35972917157
941,10, 246,36268540746
2535,24, 368,36401486494
3745,28, 97,36531692517
3712,28, 179,36694762298
3761,28, 93,36803040635
3082,27, 104,36982204889
3803,29, 81,37153443221
2617,24, 411,37241153972
2438,24, 211,37374252388
540,8, 56,37543229148
1836,17, 258,37611215695
905,10, 134,37831671481
410,8, 127,38092768884
1739,17, 185,38411356307
3354,28, 246,38549714182
1478,13, 174,38697772624
1792,17, 276,38826499681
2379,24, 342,38870538067
3931,30, 10,39066419399
2389,24, 32,39231605686
2947,27, 387,39549961548
816,10, 328,39627398277
1924,17, 24,39711267204
2355,24, 36,39893315520
333,8, 32,40092557323
3923,30, 83,40223793806
2636,24, 363,40258241798
2621,24, 72,40450630830
3606,28, 166,40477979961
985,10, 80,40675237789
3172,27, 325,41033889007
3361,28, 146,41490333165
2641,24, 15,41544558431
3620,28, 278,41917147644
3183,27, 68,41956524149
473,8, 166,42107053394
867,10, 227,42237913827
1021,10, 31,42371951400
3216,27, 287,42392132930
1220,12, 164,42468340322
2684,24, 47,42578512951
3076,27, 212,42727936055
3019,27, 47,42844286081
2698,24, 388,42984077718
3135,27, 339,43132523548
3119,27, 217,43307640306
3192,27, 15,43506190146
677,10, 386,43819722940
2050,18, 45,43836926760
2164,18, 61,43861177183
3508,28, 162,44199560913
1990,18, 80,44301537700
2162,18, 136,44560724691
870,10, 316,44679235048
2360,24, 353,44936046877
3733,28, 32,45045360298
3714,28, 27,45266624937
1416,13, 0,45345321404
2956,27, 400,45448127828
1405,13, 140,45823856285
2585,24, 171,46118274971
280,3, 133,46234594043
3590,28, 110,46840675122
346,8, 20,46980407805
3343,28, 161,47200729036
2890,27, 103,47271976411
756,10, 42,47453605083
687,10, 396,47654511777
2146,18, 19,47816893573
736,10, 78,48116805181
866,10, 349,48232608074
1076,10, 336,48513734200
806,10, 341,48818297952
3415,28, 168,49252258420
587,8, 171,49689567781
3675,28, 372,50027807678
444,8, 222,50470147202
3114,27, 142,50700032364
3111,27, 343,51270059646
1759,17, 14,51525477822
3924,30, 51,51918660357
1995,18, 99,52169417788
2072,18, 109,52509748570
710,10, 44,52693152702
3649,28, 271,52987047350
3463,28, 215,53148886272
872,10, 3,54060038875
1530,13, 52,54630107874
1345,13, 169,55017938341
2043,18, 141,55421566821
2995,27, 385,55605066675
1545,13, 172,55830323669
2075,18, 71,56563921041
3223,27, 183,56952580233
782,10, 14,57045991444
1904,17, 29,57343541449
548,8, 116,57534337913
3031,27, 288,57942429414
374,8, 216,58662695651
3757,28, 228,58893188307
427,8, 24,59128970971
1333,13, 72,59451829173
2448,24, 83,60299174567
2025,18, 74,60343323314
3684,28, 415,60968429248
1461,13, 137,61298876424
2755,24, 350,61492383842
125,3, 191,61881174385
193,3, 146,62001995141
1401,13, 69,62278613489
3391,28, 34,62447615407
236,3, 87,62712361882
3574,28, 294,62906939967
1090,10, 274,62961851613
3360,28, 78,63039319608
2593,24, 283,63275439541
200,3, 185,64640388137
278,3, 64,65052708943
2366,24, 178,65226586860
2996,27, 136,65558100528
1989,18, 191,65855949471
2570,24, 139,66056855645
3176,27, 236,67153334678
1424,13, 227,67822764954
2923,27, 139,68079600159
2140,18, 189,69130178979
3722,28, 56,70230339780
970,10, 178,70807833449
658,10, 368,71016714134
216,3, 123,71086945390
515,8, 177,71262334427
862,10, 283,71511231182
1470,13, 100,71932617746
3345,28, 428,72608549164
3188,27, 390,73284382932
2377,24, 21,73435116598
3116,27, 372,73502055055
3513,28, 381,73619732216
75,3, 96,73856535379
3196,27, 75,73924131481
1059,10, 186,74118165695
3374,28, 80,74373707741
3138,27, 89,75249127038
358,8, 227,75525802738
3707,28, 24,76174135875
977,10, 266,76516508049
3569,28, 300,77224059110
984,10, 75,77514382657
745,10, 73,77798081389
1701,17, 49,77926690086
2959,27, 83,78206142578
420,8, 187,78383550635
523,8, 110,78958893836
3639,28, 210,79136004528
3663,28, 268,79236184185
720,10, 347,79432418899
3105,27, 39,79692693682
382,8, 43,79739661502
1317,13, 200,79773057093
1533,13, 202,80152305268
758,10, 244,81020746511
1502,13, 124,81484649967
1396,13, 88,82797653665
3732,28, 5,84018457259
2888,27, 147,84877685426
3653,28, 25,85360887453
573,8, 125,85945709386
554,8, 133,85990117357
3207,27, 51,86252769600
3088,27, 249,86430804313
187,3, 113,86827267079
3377,28, 318,87578104357
1950,17, 175,87956056098
3073,27, 281,88830142363
3161,27, 193,89564899530
3537,28, 364,91323802924
3431,28, 446,91677828229
3404,28, 336,92462408391
242,3, 63,93087833634
3115,27, 229,93257817089
3278,27, 179,94294344703
2089,18, 39,95525439932
233,3, 20,95618863845
3436,28, 129,95967651405
3159,27, 113,96905142021
238,3, 22,97012384590
2887,27, 196,97171580317
3245,27, 293,97489250176
3547,28, 437,97801694001
3120,27, 42,98694791753
3655,28, 343,99094448463
131,3, 95,99315484664
3213,27, 394,99460147070
3551,28, 379,100041499563
3055,27, 224,100881037789
3589,28, 155,100936650440
401,8, 209,101027966410
2884,27, 404,101302322681
2910,27, 347,101595343160
580,8, 11,102408079069
501,8, 239,103496172335
1520,13, 249,104831841433
2023,18, 1,105320273978
922,10, 397,105706330361
3613,28, 366,108204478573
3575,28, 418,108710924484
3258,27, 273,109772785741
3295,27, 284,110144330666
1092,10, 110,110621241227
2514,24, 377,111124083476
3482,28, 96,111967378739
408,8, 34,112444297313
3519,28, 375,112937050880
3670,28, 259,113553034136
3378,28, 73,113717391619
3256,27, 320,114940231459
2954,27, 326,116377903735
2876,27, 80,117045079341
1060,10, 236,117604206987
334,8, 23,118989807791
2920,27, 272,119328755455
3221,27, 432,119763934767
3293,27, 218,119790758889
3509,28, 297,120014467650
1011,10, 55,120113172985
798,10, 332,120341475785
2925,27, 318,120576404933
1063,10, 202,120678357407
1052,10, 170,121004329709
1014,10, 373,121674287562
3700,28, 328,122229022386
3735,28, 432,123078755786
3435,28, 152,123193015291
159,3, 227,123235277463
3267,27, 267,123937039236
399,8, 156,125203384361
69,3, 149,125422626217
3523,28, 314,126789147873
3492,28, 396,127918345600
197,3, 176,128465328826
3432,28, 281,128760400919
102,3, 97,128939672719
443,8, 31,129447907586
3717,28, 413,130373987497
3477,28, 92,132013079142
1454,13, 146,132781172388
3736,28, 243,136327197286
448,8, 186,138510454988
3264,27, 266,139713460784
3497,28, 327,140301932940
362,8, 258,140750834079
3190,27, 203,141534835398
3593,28, 321,142195231982
3266,27, 386,143509972425
3376,28, 54,144955107455
1492,13, 238,145539984937
3715,28, 405,146376221062
3155,27, 263,146955255986
3751,28, 264,147484258433
2029,18, 147,148165766040
156,3, 48,148713082903
3243,27, 149,149848339881
3069,27, 331,150516328129
3102,27, 412,151502357502
3414,28, 433,152858451194
3728,28, 177,153742574061
3211,27, 29,154692149764
2975,27, 73,155592259816
711,10, 319,158281051353
3320,28, 147,162968957259
969,10, 128,164535574264
946,10, 16,165124942204
3224,27, 137,166485851674
932,10, 335,167677397135
3603,28, 180,168898725626
353,8, 51,171099024802
3302,27, 282,171328427153
1508,13, 92,171845250748
655,10, 185,173096018869
3037,27, 200,173555134646
841,10, 281,175096211755
996,10, 115,175645049728
683,10, 401,175890545273
896,10, 287,176499996018
3103,27, 349,179320951195
122,3, 175,181816526941
3265,27, 81,184408938022
3003,27, 424,185703458980
826,10, 306,187529505647
506,8, 140,189198602063
856,10, 103,191796126805
2154,18, 128,192952478413
151,3, 131,193905932123
171,3, 135,195712740884
3324,28, 311,199577694355
3406,28, 35,202688983935
891,10, 411,204873768108
2953,27, 151,210657933170
3186,27, 369,211589353405
482,8, 210,217543664111
3438,28, 347,220970650419
418,8, 18,223499676155
491,8, 64,224771492823
3395,28, 171,230681104106
3721,28, 301,231863933930
3572,28, 88,236376029490
2944,27, 308,239524854341
3004,27, 286,239907185133
2974,27, 209,240144776027
80,3, 193,243994003220
3084,27, 329,244526231637
3156,27, 441,245527546198
3637,28, 0,247970768795
3009,27, 414,251718466883
2883,27, 17,253160498982
945,10, 220,254709470198
893,10, 125,254883788847
3062,27, 161,257781344559
3615,28, 315,270830011945
3294,27, 72,274259210021
3284,27, 230,274417221143
2935,27, 427,275952645186
3140,27, 357,276610274623
3399,28, 203,277361415420
3314,28, 267,283764687482
3383,28, 211,289680070953
3336,28, 312,292545960577
3434,28, 131,294781372055
3696,28, 280,297743142139
888,10, 47,299945200514
3380,28, 371,305885518593
3371,28, 74,312169090018
1047,10, 163,313669942870
3563,28, 410,320457060138
2929,27, 116,323539022257
3350,28, 335,326497232175
3421,28, 272,328855765553
3290,27, 135,337335474160
3297,27, 33,349741388403
3248,27, 118,353505899782
3330,28, 263,356644626883
3654,28, 176,364683889489
2967,27, 421,377185950837
3682,28, 30,382346238422
3292,27, 167,384268898133
3113,27, 143,386385317525
2895,27, 22,388976549511
3022,27, 207,389723352266
3356,28, 232,394646010836
3669,28, 260,408040103239
3225,27, 429,433520674421
2994,27, 269,435202475167
3582,28, 213,447279633901
3554,28, 404,453367168012
3577,28, 416,457697733029
3666,28, 191,462523659464
258,3, 98,464570969087
3323,28, 178,479727318550
3398,28, 46,486311788361
3249,27, 431,494439033206
3524,28, 274,495309700897
3321,28, 402,498465454889
3727,28, 99,504860004863
2988,27, 362,515563016563
3546,28, 94,520266433451
3016,27, 410,527481431344
3713,28, 332,546166061853
3367,28, 368,564885462277
3517,28, 66,599790708372
2922,27, 317,624380732402
3218,27, 4,634097060077
3094,27, 389,651852046253
2904,27, 87,656272892451
3390,28, 157,664656415892
3480,28, 14,678942899582
2900,27, 77,684507040925
3651,28, 233,694547583150
3306,27, 245,705138651598
3028,27, 259,717323375003
3100,27, 19,730034958576
3499,28, 202,738419464019
3668,28, 353,747372906725
2997,27, 10,752245366991
3405,28, 38,759190529432
3608,28, 378,783782805805
3698,28, 70,790291593904
3558,28, 313,798910885892
3379,28, 60,802961631703
3530,28, 82,814660691511
3616,28, 58,825325814628
3708,28, 163,840475103781
2989,27, 360,879238797234
2964,27, 354,899619448672
3299,27, 74,905998231295
3312,27, 108,929345413323
3217,27, 277,930730319322
3539,28, 127,949709330169
3209,27, 170,957626704588
2971,27, 18,1010349728181
3335,28, 367,1044096479970
3484,28, 358,1125771655861
3602,28, 291,1166842566108
3550,28, 241,1184579623156
3720,28, 388,1211086800954
3014,27, 378,1250815036224
3502,28, 261,1276259225573
3017,27, 3,1332984904980
3359,28, 160,1409389122091
3355,28, 217,1510279584231
3174,27, 262,1530221368030
3296,27, 433,1546891644560
3385,28, 244,1612608980464
3469,28, 234,1623522581171
3490,28, 106,1627227885386
3428,28, 242,1656865739905
3644,28, 262,1678961900624
3239,27, 221,1714396731481
3143,27, 20,1729843168750
3662,28, 435,1812750379847
3373,28, 373,1968025302333
3747,28, 185,2018594811372
3051,27, 345,2103562362840
3260,27, 58,2111815505395
3050,27, 91,2114818702779
3079,27, 300,2125782165099
3146,27, 365,2222815436529
3420,28, 282,2312477911010
2882,27, 34,2325594603369
2985,27, 430,2400771528374
3611,28, 165,2563171716690
2945,27, 98,2778764686979
3178,27, 122,3001273063193
2980,27, 48,3225079713143
2881,27, 435,3665717279081
3008,27, 279,3671314765649
3131,27, 415,3695565430303
3244,27, 353,4931784133307
3252,27, 251,5114323928585
3080,27, 380,5116656204023
3272,27, 316,5180698878130
3212,27, 56,5184861606068
2952,27, 157,5207553383975
3262,27, 140,6017994946232
3000,27, 299,6049487033168
3056,27, 163,7184767488387
2894,27, 174,8567155150834
